<?xml version="1.0" encoding="UTF-8"?>
<kcfg xmlns="http://www.kde.org/standards/kcfg/1.0"
      xmlns:xsi="http://www.w3.org/2001/XMLSchema-instance"
      xsi:schemaLocation="http://www.kde.org/standards/kcfg/1.0
      http://www.kde.org/standards/kcfg/1.0/kcfg.xsd" >
  <kcfgfile name=""/>

  <group name="General">
    <entry name="Video" type="String">
      <label>Video file path</label>
      <default></default>
    </entry>
    <entry name="Folder" type="String">
      <label>Last folder used</label>
      <default></default>
    </entry>
    <entry name="Muted" type="bool">
      <label>Audio muted</label>
      <default>false</default>
    </entry>
    <entry name="Rate" type="Double">
      <label>Platback Rate</label>
    <default>1.0</default>
    </entry>
  </group>

</kcfg>
